<?xml version="1.0" encoding="UTF-8"?>
<jcr:root xmlns:sling="http://sling.apache.org/jcr/sling/1.0" xmlns:cq="http://www.day.com/jcr/cq/1.0" xmlns:jcr="http://www.jcp.org/jcr/1.0" xmlns:nt="http://www.jcp.org/jcr/nt/1.0" xmlns:rep="internal"
    jcr:mixinTypes="[rep:AccessControllable]"
    jcr:primaryType="cq:Page">
    <rep:policy/>
    <wcm jcr:primaryType="nt:unstructured">
        <foundation jcr:primaryType="nt:unstructured">
            <components jcr:primaryType="nt:unstructured">
                <responsivegrid jcr:primaryType="nt:unstructured">
                    <content-default
                        jcr:description="Policy for editable layout containers"
                        jcr:lastModified="{Date}2020-04-10T16:51:38.739+05:30"
                        jcr:lastModifiedBy="admin"
                        jcr:primaryType="nt:unstructured"
                        jcr:title="templateExercise Default"
                        sling:resourceType="wcm/core/components/policy/policy"
                        components="[group:General]"
                        policyResourceType="wcm/foundation/components/responsivegrid">
                        <cq:authoring jcr:primaryType="nt:unstructured">
                            <assetToComponentMapping jcr:primaryType="nt:unstructured">
                                <image
                                    jcr:primaryType="nt:unstructured"
                                    assetGroup="media"
                                    assetMimetype="image/*"
                                    droptarget="image"
                                    resourceType="templateExercise/components/content/image"
                                    type="Images"/>
                            </assetToComponentMapping>
                        </cq:authoring>
                        <jcr:content
                            jcr:primaryType="nt:unstructured"
                            mergeList="{Boolean}true"/>
                    </content-default>
                    <policy_90758314785954
                        jcr:lastModified="{Date}2020-04-10T17:35:40.730+05:30"
                        jcr:lastModifiedBy="admin"
                        jcr:primaryType="nt:unstructured"
                        jcr:title="Template1"
                        sling:resourceType="wcm/core/components/policy/policy"
                        components="group:General">
                        <jcr:content jcr:primaryType="nt:unstructured"/>
                    </policy_90758314785954>
                </responsivegrid>
                <image jcr:primaryType="nt:unstructured">
                    <policy_1586520092939
                        jcr:lastModified="{Date}2020-04-10T17:36:24.995+05:30"
                        jcr:lastModifiedBy="admin"
                        jcr:primaryType="nt:unstructured"
                        jcr:title="image policy"
                        sling:resourceType="wcm/core/components/policy/policy"
                        allowUpload="true"
                        maxHeight="200"
                        maxWidth="200"
                        minHeight="100"
                        minWidth="100">
                        <jcr:content jcr:primaryType="nt:unstructured"/>
                        <plugins jcr:primaryType="nt:unstructured">
                            <crop
                                jcr:primaryType="nt:unstructured"
                                features="*">
                                <aspectRatios
                                    jcr:primaryType="nt:unstructured"
                                    override="true">
                                    <item0
                                        jcr:primaryType="nt:unstructured"
                                        name="Wide Landscape"
                                        ratio="0.8284"/>
                                    <item1
                                        jcr:primaryType="nt:unstructured"
                                        name="Landscape"
                                        ratio="0.6180"/>
                                    <item2
                                        jcr:primaryType="nt:unstructured"
                                        name="Square"
                                        ratio="1"/>
                                    <item3
                                        jcr:primaryType="nt:unstructured"
                                        name="Portrait"
                                        ratio="1.6180"/>
                                </aspectRatios>
                            </crop>
                            <rotate
                                jcr:primaryType="nt:unstructured"
                                features="right"/>
                            <flip
                                jcr:primaryType="nt:unstructured"
                                features="-"/>
                            <map
                                jcr:primaryType="nt:unstructured"
                                features="rectangle,launch,unlaunch,confirm,circle,polygon"/>
                        </plugins>
                    </policy_1586520092939>
                </image>
            </components>
        </foundation>
    </wcm>
    <templateExercise jcr:primaryType="nt:unstructured">
        <components jcr:primaryType="nt:unstructured">
            <form jcr:primaryType="nt:unstructured">
                <container jcr:primaryType="nt:unstructured">
                    <form-container
                        jcr:primaryType="nt:unstructured"
                        jcr:title="templateExercise Form"
                        sling:resourceType="wcm/core/components/policy/policy"
                        components="[/apps/templateExercise/components/form/button,/apps/templateExercise/components/form/hidden,/apps/templateExercise/components/form/options,/apps/templateExercise/components/form/text]">
                        <jcr:content jcr:primaryType="nt:unstructured"/>
                    </form-container>
                </container>
            </form>
            <structure jcr:primaryType="nt:unstructured">
                <page jcr:primaryType="nt:unstructured"/>
            </structure>
        </components>
    </templateExercise>
</jcr:root>
